<annotation>
	<folder>train</folder>
	<filename>IMG_3429.jpg</filename>
	<path>C:\Users\User\Documents\GitHub\outreach_event\tensorflow1\models\research\object_detection\train\IMG_3429.jpg</path>
	<source>
		<database>Unknown</database>
	</source>
	<size>
		<width>1008</width>
		<height>756</height>
		<depth>3</depth>
	</size>
	<segmented>0</segmented>
	<object>
		<name>Fork</name>
		<pose>Unspecified</pose>
		<truncated>1</truncated>
		<difficult>0</difficult>
		<bndbox>
			<xmin>1</xmin>
			<ymin>581</ymin>
			<xmax>648</xmax>
			<ymax>753</ymax>
		</bndbox>
	</object>
	<object>
		<name>Fork</name>
		<pose>Unspecified</pose>
		<truncated>0</truncated>
		<difficult>0</difficult>
		<bndbox>
			<xmin>342</xmin>
			<ymin>431</ymin>
			<xmax>1007</xmax>
			<ymax>616</ymax>
		</bndbox>
	</object>
	<object>
		<name>Spoon</name>
		<pose>Unspecified</pose>
		<truncated>0</truncated>
		<difficult>0</difficult>
		<bndbox>
			<xmin>303</xmin>
			<ymin>213</ymin>
			<xmax>939</xmax>
			<ymax>374</ymax>
		</bndbox>
	</object>
</annotation>
