<annotation>
	<folder>train</folder>
	<filename>IMG_3343.jpg</filename>
	<path>C:\Users\User\Documents\GitHub\outreach_event\tensorflow1\models\research\object_detection\train\IMG_3343.jpg</path>
	<source>
		<database>Unknown</database>
	</source>
	<size>
		<width>1008</width>
		<height>756</height>
		<depth>3</depth>
	</size>
	<segmented>0</segmented>
	<object>
		<name>Fork</name>
		<pose>Unspecified</pose>
		<truncated>1</truncated>
		<difficult>0</difficult>
		<bndbox>
			<xmin>508</xmin>
			<ymin>323</ymin>
			<xmax>1008</xmax>
			<ymax>538</ymax>
		</bndbox>
	</object>
	<object>
		<name>Spoon</name>
		<pose>Unspecified</pose>
		<truncated>0</truncated>
		<difficult>0</difficult>
		<bndbox>
			<xmin>421</xmin>
			<ymin>342</ymin>
			<xmax>960</xmax>
			<ymax>628</ymax>
		</bndbox>
	</object>
</annotation>
