<annotation>
	<folder>train</folder>
	<filename>IMG_2611.jpg</filename>
	<path>C:\Users\User\Documents\GitHub\outreach_event\tensorflow1\models\research\object_detection\train\IMG_2611.jpg</path>
	<source>
		<database>Unknown</database>
	</source>
	<size>
		<width>1008</width>
		<height>756</height>
		<depth>3</depth>
	</size>
	<segmented>0</segmented>
	<object>
		<name>Spoon</name>
		<pose>Unspecified</pose>
		<truncated>0</truncated>
		<difficult>0</difficult>
		<bndbox>
			<xmin>535</xmin>
			<ymin>292</ymin>
			<xmax>960</xmax>
			<ymax>618</ymax>
		</bndbox>
	</object>
	<object>
		<name>Spoon</name>
		<pose>Unspecified</pose>
		<truncated>0</truncated>
		<difficult>0</difficult>
		<bndbox>
			<xmin>279</xmin>
			<ymin>94</ymin>
			<xmax>603</xmax>
			<ymax>648</ymax>
		</bndbox>
	</object>
	<object>
		<name>Fork</name>
		<pose>Unspecified</pose>
		<truncated>1</truncated>
		<difficult>0</difficult>
		<bndbox>
			<xmin>424</xmin>
			<ymin>1</ymin>
			<xmax>1007</xmax>
			<ymax>157</ymax>
		</bndbox>
	</object>
</annotation>
