<annotation>
	<folder>train</folder>
	<filename>IMG_0321.jpg</filename>
	<path>C:\Users\User\Documents\GitHub\outreach_event\tensorflow1\models\research\object_detection\train\IMG_0321.jpg</path>
	<source>
		<database>Unknown</database>
	</source>
	<size>
		<width>1008</width>
		<height>756</height>
		<depth>3</depth>
	</size>
	<segmented>0</segmented>
	<object>
		<name>Fork</name>
		<pose>Unspecified</pose>
		<truncated>0</truncated>
		<difficult>0</difficult>
		<bndbox>
			<xmin>121</xmin>
			<ymin>81</ymin>
			<xmax>224</xmax>
			<ymax>417</ymax>
		</bndbox>
	</object>
	<object>
		<name>Fork</name>
		<pose>Unspecified</pose>
		<truncated>0</truncated>
		<difficult>0</difficult>
		<bndbox>
			<xmin>126</xmin>
			<ymin>111</ymin>
			<xmax>464</xmax>
			<ymax>479</ymax>
		</bndbox>
	</object>
	<object>
		<name>Fork</name>
		<pose>Unspecified</pose>
		<truncated>0</truncated>
		<difficult>0</difficult>
		<bndbox>
			<xmin>347</xmin>
			<ymin>70</ymin>
			<xmax>627</xmax>
			<ymax>312</ymax>
		</bndbox>
	</object>
	<object>
		<name>Fork</name>
		<pose>Unspecified</pose>
		<truncated>0</truncated>
		<difficult>0</difficult>
		<bndbox>
			<xmin>547</xmin>
			<ymin>110</ymin>
			<xmax>804</xmax>
			<ymax>413</ymax>
		</bndbox>
	</object>
	<object>
		<name>Spoon</name>
		<pose>Unspecified</pose>
		<truncated>0</truncated>
		<difficult>0</difficult>
		<bndbox>
			<xmin>371</xmin>
			<ymin>319</ymin>
			<xmax>567</xmax>
			<ymax>731</ymax>
		</bndbox>
	</object>
	<object>
		<name>Spoon</name>
		<pose>Unspecified</pose>
		<truncated>0</truncated>
		<difficult>0</difficult>
		<bndbox>
			<xmin>174</xmin>
			<ymin>377</ymin>
			<xmax>323</xmax>
			<ymax>754</ymax>
		</bndbox>
	</object>
	<object>
		<name>Spoon</name>
		<pose>Unspecified</pose>
		<truncated>0</truncated>
		<difficult>0</difficult>
		<bndbox>
			<xmin>613</xmin>
			<ymin>31</ymin>
			<xmax>897</xmax>
			<ymax>289</ymax>
		</bndbox>
	</object>
</annotation>
