<annotation>
	<folder>train</folder>
	<filename>IMG_3526.jpg</filename>
	<path>C:\Users\User\Documents\GitHub\outreach_event\tensorflow1\models\research\object_detection\train\IMG_3526.jpg</path>
	<source>
		<database>Unknown</database>
	</source>
	<size>
		<width>1008</width>
		<height>756</height>
		<depth>3</depth>
	</size>
	<segmented>0</segmented>
	<object>
		<name>Fork</name>
		<pose>Unspecified</pose>
		<truncated>0</truncated>
		<difficult>0</difficult>
		<bndbox>
			<xmin>257</xmin>
			<ymin>440</ymin>
			<xmax>400</xmax>
			<ymax>699</ymax>
		</bndbox>
	</object>
	<object>
		<name>Fork</name>
		<pose>Unspecified</pose>
		<truncated>0</truncated>
		<difficult>0</difficult>
		<bndbox>
			<xmin>385</xmin>
			<ymin>360</ymin>
			<xmax>474</xmax>
			<ymax>738</ymax>
		</bndbox>
	</object>
	<object>
		<name>Fork</name>
		<pose>Unspecified</pose>
		<truncated>0</truncated>
		<difficult>0</difficult>
		<bndbox>
			<xmin>378</xmin>
			<ymin>344</ymin>
			<xmax>635</xmax>
			<ymax>419</ymax>
		</bndbox>
	</object>
	<object>
		<name>Fork</name>
		<pose>Unspecified</pose>
		<truncated>0</truncated>
		<difficult>0</difficult>
		<bndbox>
			<xmin>526</xmin>
			<ymin>285</ymin>
			<xmax>809</xmax>
			<ymax>432</ymax>
		</bndbox>
	</object>
	<object>
		<name>Spoon</name>
		<pose>Unspecified</pose>
		<truncated>0</truncated>
		<difficult>0</difficult>
		<bndbox>
			<xmin>584</xmin>
			<ymin>464</ymin>
			<xmax>715</xmax>
			<ymax>754</ymax>
		</bndbox>
	</object>
	<object>
		<name>Spoon</name>
		<pose>Unspecified</pose>
		<truncated>0</truncated>
		<difficult>0</difficult>
		<bndbox>
			<xmin>532</xmin>
			<ymin>203</ymin>
			<xmax>808</xmax>
			<ymax>306</ymax>
		</bndbox>
	</object>
</annotation>
