<annotation>
	<folder>train</folder>
	<filename>IMG_6663.jpg</filename>
	<path>C:\Users\User\Documents\GitHub\outreach_event\tensorflow1\models\research\object_detection\train\IMG_6663.jpg</path>
	<source>
		<database>Unknown</database>
	</source>
	<size>
		<width>756</width>
		<height>1008</height>
		<depth>3</depth>
	</size>
	<segmented>0</segmented>
	<object>
		<name>Spoon</name>
		<pose>Unspecified</pose>
		<truncated>0</truncated>
		<difficult>0</difficult>
		<bndbox>
			<xmin>208</xmin>
			<ymin>147</ymin>
			<xmax>555</xmax>
			<ymax>568</ymax>
		</bndbox>
	</object>
	<object>
		<name>Fork</name>
		<pose>Unspecified</pose>
		<truncated>0</truncated>
		<difficult>0</difficult>
		<bndbox>
			<xmin>3</xmin>
			<ymin>515</ymin>
			<xmax>107</xmax>
			<ymax>561</ymax>
		</bndbox>
	</object>
	<object>
		<name>Spoon</name>
		<pose>Unspecified</pose>
		<truncated>0</truncated>
		<difficult>0</difficult>
		<bndbox>
			<xmin>4</xmin>
			<ymin>489</ymin>
			<xmax>135</xmax>
			<ymax>628</ymax>
		</bndbox>
	</object>
</annotation>
